question,label
Каким образом рассчитать работу силы при перемещении тела?,work
Что показывает работа силы?,work
В чем заключается способ зависит работа от угла между силой и перемещением?,work
Когда работа равна нулю?,work
Чему равна работа при равномерном движении?,work
Каким образом рассчитать работу силы при перемещении тела?,work
Что показывает работа силы?,work
В чем заключается способ зависит работа от угла между силой и перемещением?,work
Когда работа равна нулю?,work
Чему равна работа при равномерном движении?,work
Каким образом рассчитать работу силы при перемещении тела?,work
Что показывает работа силы?,work
В чем заключается способ зависит работа от угла между силой и перемещением?,work
Когда работа равна нулю?,work
Чему равна работа при равномерном движении?,work
Каким образом рассчитать работу силы при перемещении тела?,work
Что показывает работа силы?,work
В чем заключается способ зависит работа от угла между силой и перемещением?,work
Когда работа равна нулю?,work
Чему равна работа при равномерном движении?,work
Каким образом рассчитать работу силы при перемещении тела?,work
Что показывает работа силы?,work
В чем заключается способ зависит работа от угла между силой и перемещением?,work
Когда работа равна нулю?,work
Чему равна работа при равномерном движении?,work
Расскажите о закон сохранения энергии.,energy_conservation
Какие способы использовать закон сохранения энергии в задачах?,energy_conservation
В чем заключается способие виды энергии существуют?,energy_conservation
Что происходит с энергией при трении?,energy_conservation
Как рассчитать потенциальную энергию тела?,energy_conservation
Расскажите о закон сохранения энергии.,energy_conservation
Какие способы использовать закон сохранения энергии в задачах?,energy_conservation
В чем заключается способие виды энергии существуют?,energy_conservation
Что происходит с энергией при трении?,energy_conservation
Как рассчитать потенциальную энергию тела?,energy_conservation
Расскажите о закон сохранения энергии.,energy_conservation
Какие способы использовать закон сохранения энергии в задачах?,energy_conservation
В чем заключается способие виды энергии существуют?,energy_conservation
Что происходит с энергией при трении?,energy_conservation
Как рассчитать потенциальную энергию тела?,energy_conservation
Расскажите о закон сохранения энергии.,energy_conservation
Какие способы использовать закон сохранения энергии в задачах?,energy_conservation
В чем заключается способие виды энергии существуют?,energy_conservation
Что происходит с энергией при трении?,energy_conservation
Как рассчитать потенциальную энергию тела?,energy_conservation
Расскажите о закон сохранения энергии.,energy_conservation
Какие способы использовать закон сохранения энергии в задачах?,energy_conservation
В чем заключается способие виды энергии существуют?,energy_conservation
Что происходит с энергией при трении?,energy_conservation
Как рассчитать потенциальную энергию тела?,energy_conservation
Опишите импульс тела и как его вычислить?,momentum
Какие способы решать задачи на закон сохранения импульса?,momentum
В чем заключается способ связаны сила и изменение импульса?,momentum
Что происходит при соударении тел?,momentum
Как рассчитать импульс системы тел?,momentum
Опишите импульс тела и как его вычислить?,momentum
Какие способы решать задачи на закон сохранения импульса?,momentum
В чем заключается способ связаны сила и изменение импульса?,momentum
Что происходит при соударении тел?,momentum
Как рассчитать импульс системы тел?,momentum
Опишите импульс тела и как его вычислить?,momentum
Какие способы решать задачи на закон сохранения импульса?,momentum
В чем заключается способ связаны сила и изменение импульса?,momentum
Что происходит при соударении тел?,momentum
Как рассчитать импульс системы тел?,momentum
Опишите импульс тела и как его вычислить?,momentum
Какие способы решать задачи на закон сохранения импульса?,momentum
В чем заключается способ связаны сила и изменение импульса?,momentum
Что происходит при соударении тел?,momentum
Как рассчитать импульс системы тел?,momentum
Опишите импульс тела и как его вычислить?,momentum
Какие способы решать задачи на закон сохранения импульса?,momentum
В чем заключается способ связаны сила и изменение импульса?,momentum
Что происходит при соударении тел?,momentum
Как рассчитать импульс системы тел?,momentum
Каким образом решить задачу на движение по окружности?,circular_motion
Определите центростремительное ускорение?,circular_motion
В чем заключается способая сила действует при движении по окружности?,circular_motion
Дайте определение центробежная сила?,circular_motion
Как рассчитать период обращения тела по кругу?,circular_motion
Каким образом решить задачу на движение по окружности?,circular_motion
Определите центростремительное ускорение?,circular_motion
В чем заключается способая сила действует при движении по окружности?,circular_motion
Дайте определение центробежная сила?,circular_motion
Как рассчитать период обращения тела по кругу?,circular_motion
Каким образом решить задачу на движение по окружности?,circular_motion
Определите центростремительное ускорение?,circular_motion
В чем заключается способая сила действует при движении по окружности?,circular_motion
Дайте определение центробежная сила?,circular_motion
Как рассчитать период обращения тела по кругу?,circular_motion
Каким образом решить задачу на движение по окружности?,circular_motion
Определите центростремительное ускорение?,circular_motion
В чем заключается способая сила действует при движении по окружности?,circular_motion
Дайте определение центробежная сила?,circular_motion
Как рассчитать период обращения тела по кругу?,circular_motion
Каким образом решить задачу на движение по окружности?,circular_motion
Определите центростремительное ускорение?,circular_motion
В чем заключается способая сила действует при движении по окружности?,circular_motion
Дайте определение центробежная сила?,circular_motion
Как рассчитать период обращения тела по кругу?,circular_motion
Что означает второй закон Ньютона?,newton_laws
Какие способы формулируется первый закон Ньютона?,newton_laws
Приведите примеры действия третьего закона Ньютона.,newton_laws
Дайте определение сила реакции опоры?,newton_laws
Как рассчитать силу при равномерном движении?,newton_laws
Что означает второй закон Ньютона?,newton_laws
Какие способы формулируется первый закон Ньютона?,newton_laws
Приведите примеры действия третьего закона Ньютона.,newton_laws
Дайте определение сила реакции опоры?,newton_laws
Как рассчитать силу при равномерном движении?,newton_laws
Что означает второй закон Ньютона?,newton_laws
Какие способы формулируется первый закон Ньютона?,newton_laws
Приведите примеры действия третьего закона Ньютона.,newton_laws
Дайте определение сила реакции опоры?,newton_laws
Как рассчитать силу при равномерном движении?,newton_laws
Что означает второй закон Ньютона?,newton_laws
Какие способы формулируется первый закон Ньютона?,newton_laws
Приведите примеры действия третьего закона Ньютона.,newton_laws
Дайте определение сила реакции опоры?,newton_laws
Как рассчитать силу при равномерном движении?,newton_laws
Что означает второй закон Ньютона?,newton_laws
Какие способы формулируется первый закон Ньютона?,newton_laws
Приведите примеры действия третьего закона Ньютона.,newton_laws
Дайте определение сила реакции опоры?,newton_laws
Как рассчитать силу при равномерном движении?,newton_laws
Опишите явление теплового расширения тел.,thermal_expansion
Какие способы рассчитать изменение длины при нагревании?,thermal_expansion
Что влияет на коэффициент теплового расширения?,thermal_expansion
Почему разные материалы расширяются по-разному?,thermal_expansion
Какие виды теплового расширения существуют?,thermal_expansion
Опишите явление теплового расширения тел.,thermal_expansion
Какие способы рассчитать изменение длины при нагревании?,thermal_expansion
Что влияет на коэффициент теплового расширения?,thermal_expansion
Почему разные материалы расширяются по-разному?,thermal_expansion
Какие виды теплового расширения существуют?,thermal_expansion
Опишите явление теплового расширения тел.,thermal_expansion
Какие способы рассчитать изменение длины при нагревании?,thermal_expansion
Что влияет на коэффициент теплового расширения?,thermal_expansion
Почему разные материалы расширяются по-разному?,thermal_expansion
Какие виды теплового расширения существуют?,thermal_expansion
Опишите явление теплового расширения тел.,thermal_expansion
Какие способы рассчитать изменение длины при нагревании?,thermal_expansion
Что влияет на коэффициент теплового расширения?,thermal_expansion
Почему разные материалы расширяются по-разному?,thermal_expansion
Какие виды теплового расширения существуют?,thermal_expansion
Опишите явление теплового расширения тел.,thermal_expansion
Какие способы рассчитать изменение длины при нагревании?,thermal_expansion
Что влияет на коэффициент теплового расширения?,thermal_expansion
Почему разные материалы расширяются по-разному?,thermal_expansion
Какие виды теплового расширения существуют?,thermal_expansion
"Каким образом найти силу тяжести, действующую на тело?",gravity
Поясните закон всемирного тяготения.,gravity
В чем заключается способ рассчитать ускорение свободного падения?,gravity
Дайте определение гравитационное поле?,gravity
Как зависит сила тяжести от расстояния?,gravity
"Каким образом найти силу тяжести, действующую на тело?",gravity
Поясните закон всемирного тяготения.,gravity
В чем заключается способ рассчитать ускорение свободного падения?,gravity
Дайте определение гравитационное поле?,gravity
Как зависит сила тяжести от расстояния?,gravity
"Каким образом найти силу тяжести, действующую на тело?",gravity
Поясните закон всемирного тяготения.,gravity
В чем заключается способ рассчитать ускорение свободного падения?,gravity
Дайте определение гравитационное поле?,gravity
Как зависит сила тяжести от расстояния?,gravity
"Каким образом найти силу тяжести, действующую на тело?",gravity
Поясните закон всемирного тяготения.,gravity
В чем заключается способ рассчитать ускорение свободного падения?,gravity
Дайте определение гравитационное поле?,gravity
Как зависит сила тяжести от расстояния?,gravity
"Каким образом найти силу тяжести, действующую на тело?",gravity
Поясните закон всемирного тяготения.,gravity
В чем заключается способ рассчитать ускорение свободного падения?,gravity
Дайте определение гравитационное поле?,gravity
Как зависит сила тяжести от расстояния?,gravity
Опишите электрический ток и как он измеряется?,electric_current
Какие способы рассчитать силу тока?,electric_current
Что влияет на сопротивление проводника?,electric_current
Для чего нужно работает электрическая цепь?,electric_current
Что такое закон Ома?,electric_current
Опишите электрический ток и как он измеряется?,electric_current
Какие способы рассчитать силу тока?,electric_current
Что влияет на сопротивление проводника?,electric_current
Для чего нужно работает электрическая цепь?,electric_current
Что такое закон Ома?,electric_current
Опишите электрический ток и как он измеряется?,electric_current
Какие способы рассчитать силу тока?,electric_current
Что влияет на сопротивление проводника?,electric_current
Для чего нужно работает электрическая цепь?,electric_current
Что такое закон Ома?,electric_current
Опишите электрический ток и как он измеряется?,electric_current
Какие способы рассчитать силу тока?,electric_current
Что влияет на сопротивление проводника?,electric_current
Для чего нужно работает электрическая цепь?,electric_current
Что такое закон Ома?,electric_current
Опишите электрический ток и как он измеряется?,electric_current
Какие способы рассчитать силу тока?,electric_current
Что влияет на сопротивление проводника?,electric_current
Для чего нужно работает электрическая цепь?,electric_current
Что такое закон Ома?,electric_current
Каким образом рассчитать сопротивление проводника?,ohms_law
Поясните закон Ома для участка цепи.,ohms_law
Раскройте понятие напряжение и как его измерять?,ohms_law
"Для чего нужно связаны ток, напряжение и сопротивление?",ohms_law
Какие приборы используются для измерения тока?,ohms_law
Каким образом рассчитать сопротивление проводника?,ohms_law
Поясните закон Ома для участка цепи.,ohms_law
Раскройте понятие напряжение и как его измерять?,ohms_law
"Для чего нужно связаны ток, напряжение и сопротивление?",ohms_law
Какие приборы используются для измерения тока?,ohms_law
Каким образом рассчитать сопротивление проводника?,ohms_law
Поясните закон Ома для участка цепи.,ohms_law
Раскройте понятие напряжение и как его измерять?,ohms_law
"Для чего нужно связаны ток, напряжение и сопротивление?",ohms_law
Какие приборы используются для измерения тока?,ohms_law
Каким образом рассчитать сопротивление проводника?,ohms_law
Поясните закон Ома для участка цепи.,ohms_law
Раскройте понятие напряжение и как его измерять?,ohms_law
"Для чего нужно связаны ток, напряжение и сопротивление?",ohms_law
Какие приборы используются для измерения тока?,ohms_law
Каким образом рассчитать сопротивление проводника?,ohms_law
Поясните закон Ома для участка цепи.,ohms_law
Раскройте понятие напряжение и как его измерять?,ohms_law
"Для чего нужно связаны ток, напряжение и сопротивление?",ohms_law
Какие приборы используются для измерения тока?,ohms_law
Опишите магнетизм и как проявляется магнитное поле?,magnetism
Какие способы работает электромагнит?,magnetism
Раскройте закон Ампера.,magnetism
Дайте определение магнитный поток?,magnetism
Как влияют магнитные поля на проводники?,magnetism
Опишите магнетизм и как проявляется магнитное поле?,magnetism
Какие способы работает электромагнит?,magnetism
Раскройте закон Ампера.,magnetism
Дайте определение магнитный поток?,magnetism
Как влияют магнитные поля на проводники?,magnetism
Опишите магнетизм и как проявляется магнитное поле?,magnetism
Какие способы работает электромагнит?,magnetism
Раскройте закон Ампера.,magnetism
Дайте определение магнитный поток?,magnetism
Как влияют магнитные поля на проводники?,magnetism
Опишите магнетизм и как проявляется магнитное поле?,magnetism
Какие способы работает электромагнит?,magnetism
Раскройте закон Ампера.,magnetism
Дайте определение магнитный поток?,magnetism
Как влияют магнитные поля на проводники?,magnetism
Опишите магнетизм и как проявляется магнитное поле?,magnetism
Какие способы работает электромагнит?,magnetism
Раскройте закон Ампера.,magnetism
Дайте определение магнитный поток?,magnetism
Как влияют магнитные поля на проводники?,magnetism
Каким образом рассчитать скорость тела при свободном падении?,free_fall
Определите ускорение свободного падения?,free_fall
В чем заключается способие факторы влияют на движение при свободном падении?,free_fall
Опишите подробно понятие равнопеременного движения.,free_fall
Как найти время падения тела с высоты?,free_fall
Каким образом рассчитать скорость тела при свободном падении?,free_fall
Определите ускорение свободного падения?,free_fall
В чем заключается способие факторы влияют на движение при свободном падении?,free_fall
Опишите подробно понятие равнопеременного движения.,free_fall
Как найти время падения тела с высоты?,free_fall
Каким образом рассчитать скорость тела при свободном падении?,free_fall
Определите ускорение свободного падения?,free_fall
В чем заключается способие факторы влияют на движение при свободном падении?,free_fall
Опишите подробно понятие равнопеременного движения.,free_fall
Как найти время падения тела с высоты?,free_fall
Каким образом рассчитать скорость тела при свободном падении?,free_fall
Определите ускорение свободного падения?,free_fall
В чем заключается способие факторы влияют на движение при свободном падении?,free_fall
Опишите подробно понятие равнопеременного движения.,free_fall
Как найти время падения тела с высоты?,free_fall
Каким образом рассчитать скорость тела при свободном падении?,free_fall
Определите ускорение свободного падения?,free_fall
В чем заключается способие факторы влияют на движение при свободном падении?,free_fall
Опишите подробно понятие равнопеременного движения.,free_fall
Как найти время падения тела с высоты?,free_fall
Опишите сила трения?,friction
Какие способы рассчитать силу трения покоя?,friction
От чего зависит коэффициент трения?,friction
Опишите подробно различия между трением покоя и трением скольжения.,friction
Какие силы действуют при движении тела по поверхности?,friction
Опишите сила трения?,friction
Какие способы рассчитать силу трения покоя?,friction
От чего зависит коэффициент трения?,friction
Опишите подробно различия между трением покоя и трением скольжения.,friction
Какие силы действуют при движении тела по поверхности?,friction
Опишите сила трения?,friction
Какие способы рассчитать силу трения покоя?,friction
От чего зависит коэффициент трения?,friction
Опишите подробно различия между трением покоя и трением скольжения.,friction
Какие силы действуют при движении тела по поверхности?,friction
Опишите сила трения?,friction
Какие способы рассчитать силу трения покоя?,friction
От чего зависит коэффициент трения?,friction
Опишите подробно различия между трением покоя и трением скольжения.,friction
Какие силы действуют при движении тела по поверхности?,friction
Опишите сила трения?,friction
Какие способы рассчитать силу трения покоя?,friction
От чего зависит коэффициент трения?,friction
Опишите подробно различия между трением покоя и трением скольжения.,friction
Какие силы действуют при движении тела по поверхности?,friction
Каким образом найти ускорение тела?,kinematics
Определите равномерное движение?,kinematics
В чем заключается способ рассчитывается путь при равноускоренном движении?,kinematics
Дайте определение мгновенная скорость?,kinematics
Как построить график движения тела?,kinematics
Каким образом найти ускорение тела?,kinematics
Определите равномерное движение?,kinematics
В чем заключается способ рассчитывается путь при равноускоренном движении?,kinematics
Дайте определение мгновенная скорость?,kinematics
Как построить график движения тела?,kinematics
Каким образом найти ускорение тела?,kinematics
Определите равномерное движение?,kinematics
В чем заключается способ рассчитывается путь при равноускоренном движении?,kinematics
Дайте определение мгновенная скорость?,kinematics
Как построить график движения тела?,kinematics
Каким образом найти ускорение тела?,kinematics
Определите равномерное движение?,kinematics
В чем заключается способ рассчитывается путь при равноускоренном движении?,kinematics
Дайте определение мгновенная скорость?,kinematics
Как построить график движения тела?,kinematics
Каким образом найти ускорение тела?,kinematics
Определите равномерное движение?,kinematics
В чем заключается способ рассчитывается путь при равноускоренном движении?,kinematics
Дайте определение мгновенная скорость?,kinematics
Как построить график движения тела?,kinematics
Расскажите о первый закон термодинамики.,thermodynamics
Определите внутреняя энергия?,thermodynamics
В чем заключается способ рассчитывать количество теплоты?,thermodynamics
Дайте определение энтропия?,thermodynamics
Как работает тепловой двигатель?,thermodynamics
Расскажите о первый закон термодинамики.,thermodynamics
Определите внутреняя энергия?,thermodynamics
В чем заключается способ рассчитывать количество теплоты?,thermodynamics
Дайте определение энтропия?,thermodynamics
Как работает тепловой двигатель?,thermodynamics
Расскажите о первый закон термодинамики.,thermodynamics
Определите внутреняя энергия?,thermodynamics
В чем заключается способ рассчитывать количество теплоты?,thermodynamics
Дайте определение энтропия?,thermodynamics
Как работает тепловой двигатель?,thermodynamics
Расскажите о первый закон термодинамики.,thermodynamics
Определите внутреняя энергия?,thermodynamics
В чем заключается способ рассчитывать количество теплоты?,thermodynamics
Дайте определение энтропия?,thermodynamics
Как работает тепловой двигатель?,thermodynamics
Расскажите о первый закон термодинамики.,thermodynamics
Определите внутреняя энергия?,thermodynamics
В чем заключается способ рассчитывать количество теплоты?,thermodynamics
Дайте определение энтропия?,thermodynamics
Как работает тепловой двигатель?,thermodynamics
Опишите волны и колебания?,waves
Какие способы рассчитать длину волны?,waves
Раскройте принцип суперпозиции волн.,waves
Дайте определение амплитуда колебаний?,waves
Как измерять частоту волн?,waves
Опишите волны и колебания?,waves
Какие способы рассчитать длину волны?,waves
Раскройте принцип суперпозиции волн.,waves
Дайте определение амплитуда колебаний?,waves
Как измерять частоту волн?,waves
Опишите волны и колебания?,waves
Какие способы рассчитать длину волны?,waves
Раскройте принцип суперпозиции волн.,waves
Дайте определение амплитуда колебаний?,waves
Как измерять частоту волн?,waves
Опишите волны и колебания?,waves
Какие способы рассчитать длину волны?,waves
Раскройте принцип суперпозиции волн.,waves
Дайте определение амплитуда колебаний?,waves
Как измерять частоту волн?,waves
Опишите волны и колебания?,waves
Какие способы рассчитать длину волны?,waves
Раскройте принцип суперпозиции волн.,waves
Дайте определение амплитуда колебаний?,waves
Как измерять частоту волн?,waves
Опишите гармонические колебания?,oscillations
Какие способы рассчитать период колебаний?,oscillations
Что влияет на частоту колебаний?,oscillations
Опишите подробно закон Гука в колебаниях.,oscillations
Что такое резонанс?,oscillations
Опишите гармонические колебания?,oscillations
Какие способы рассчитать период колебаний?,oscillations
Что влияет на частоту колебаний?,oscillations
Опишите подробно закон Гука в колебаниях.,oscillations
Что такое резонанс?,oscillations
Опишите гармонические колебания?,oscillations
Какие способы рассчитать период колебаний?,oscillations
Что влияет на частоту колебаний?,oscillations
Опишите подробно закон Гука в колебаниях.,oscillations
Что такое резонанс?,oscillations
Опишите гармонические колебания?,oscillations
Какие способы рассчитать период колебаний?,oscillations
Что влияет на частоту колебаний?,oscillations
Опишите подробно закон Гука в колебаниях.,oscillations
Что такое резонанс?,oscillations
Опишите гармонические колебания?,oscillations
Какие способы рассчитать период колебаний?,oscillations
Что влияет на частоту колебаний?,oscillations
Опишите подробно закон Гука в колебаниях.,oscillations
Что такое резонанс?,oscillations
Опишите электрический заряд?,electrostatics
Поясните закон Кулона.,electrostatics
Раскройте понятие электрическое поле?,electrostatics
Для чего нужно рассчитать потенциал электрического поля?,electrostatics
Что такое напряжённость поля?,electrostatics
Опишите электрический заряд?,electrostatics
Поясните закон Кулона.,electrostatics
Раскройте понятие электрическое поле?,electrostatics
Для чего нужно рассчитать потенциал электрического поля?,electrostatics
Что такое напряжённость поля?,electrostatics
Опишите электрический заряд?,electrostatics
Поясните закон Кулона.,electrostatics
Раскройте понятие электрическое поле?,electrostatics
Для чего нужно рассчитать потенциал электрического поля?,electrostatics
Что такое напряжённость поля?,electrostatics
Опишите электрический заряд?,electrostatics
Поясните закон Кулона.,electrostatics
Раскройте понятие электрическое поле?,electrostatics
Для чего нужно рассчитать потенциал электрического поля?,electrostatics
Что такое напряжённость поля?,electrostatics
Опишите электрический заряд?,electrostatics
Поясните закон Кулона.,electrostatics
Раскройте понятие электрическое поле?,electrostatics
Для чего нужно рассчитать потенциал электрического поля?,electrostatics
Что такое напряжённость поля?,electrostatics
Опишите давление в жидкости?,fluid_mechanics
Какие способы рассчитывается сила Архимеда?,fluid_mechanics
Раскройте закон Паскаля.,fluid_mechanics
Дайте определение гидростатическое давление?,fluid_mechanics
Как найти скорость потока жидкости?,fluid_mechanics
Опишите давление в жидкости?,fluid_mechanics
Какие способы рассчитывается сила Архимеда?,fluid_mechanics
Раскройте закон Паскаля.,fluid_mechanics
Дайте определение гидростатическое давление?,fluid_mechanics
Как найти скорость потока жидкости?,fluid_mechanics
Опишите давление в жидкости?,fluid_mechanics
Какие способы рассчитывается сила Архимеда?,fluid_mechanics
Раскройте закон Паскаля.,fluid_mechanics
Дайте определение гидростатическое давление?,fluid_mechanics
Как найти скорость потока жидкости?,fluid_mechanics
Опишите давление в жидкости?,fluid_mechanics
Какие способы рассчитывается сила Архимеда?,fluid_mechanics
Раскройте закон Паскаля.,fluid_mechanics
Дайте определение гидростатическое давление?,fluid_mechanics
Как найти скорость потока жидкости?,fluid_mechanics
Опишите давление в жидкости?,fluid_mechanics
Какие способы рассчитывается сила Архимеда?,fluid_mechanics
Раскройте закон Паскаля.,fluid_mechanics
Дайте определение гидростатическое давление?,fluid_mechanics
Как найти скорость потока жидкости?,fluid_mechanics
Опишите квант энергии?,quantum_physics
Поясните фотоэффект.,quantum_physics
Раскройте понятие корпускулярно-волновой дуализм?,quantum_physics
Для чего нужно рассчитывать энергию фотона?,quantum_physics
Что такое уровни энергии в атоме?,quantum_physics
Опишите квант энергии?,quantum_physics
Поясните фотоэффект.,quantum_physics
Раскройте понятие корпускулярно-волновой дуализм?,quantum_physics
Для чего нужно рассчитывать энергию фотона?,quantum_physics
Что такое уровни энергии в атоме?,quantum_physics
Опишите квант энергии?,quantum_physics
Поясните фотоэффект.,quantum_physics
Раскройте понятие корпускулярно-волновой дуализм?,quantum_physics
Для чего нужно рассчитывать энергию фотона?,quantum_physics
Что такое уровни энергии в атоме?,quantum_physics
Опишите квант энергии?,quantum_physics
Поясните фотоэффект.,quantum_physics
Раскройте понятие корпускулярно-волновой дуализм?,quantum_physics
Для чего нужно рассчитывать энергию фотона?,quantum_physics
Что такое уровни энергии в атоме?,quantum_physics
Опишите квант энергии?,quantum_physics
Поясните фотоэффект.,quantum_physics
Раскройте понятие корпускулярно-волновой дуализм?,quantum_physics
Для чего нужно рассчитывать энергию фотона?,quantum_physics
Что такое уровни энергии в атоме?,quantum_physics
Расскажите о закон Бойля-Мариотта.,gas_laws
Определите давление идеального газа?,gas_laws
В чем заключается способ рассчитать температуру газа?,gas_laws
Дайте определение уравнение состояния идеального газа?,gas_laws
Как изменяется объем газа при нагревании?,gas_laws
Расскажите о закон Бойля-Мариотта.,gas_laws
Определите давление идеального газа?,gas_laws
В чем заключается способ рассчитать температуру газа?,gas_laws
Дайте определение уравнение состояния идеального газа?,gas_laws
Как изменяется объем газа при нагревании?,gas_laws
Расскажите о закон Бойля-Мариотта.,gas_laws
Определите давление идеального газа?,gas_laws
В чем заключается способ рассчитать температуру газа?,gas_laws
Дайте определение уравнение состояния идеального газа?,gas_laws
Как изменяется объем газа при нагревании?,gas_laws
Расскажите о закон Бойля-Мариотта.,gas_laws
Определите давление идеального газа?,gas_laws
В чем заключается способ рассчитать температуру газа?,gas_laws
Дайте определение уравнение состояния идеального газа?,gas_laws
Как изменяется объем газа при нагревании?,gas_laws
Расскажите о закон Бойля-Мариотта.,gas_laws
Определите давление идеального газа?,gas_laws
В чем заключается способ рассчитать температуру газа?,gas_laws
Дайте определение уравнение состояния идеального газа?,gas_laws
Как изменяется объем газа при нагревании?,gas_laws
Опишите преломление света?,optics
Поясните законы отражения.,optics
Раскройте понятие фокусное расстояние?,optics
Для чего нужно строить изображения в линзах?,optics
Что такое интерференция света?,optics
Опишите преломление света?,optics
Поясните законы отражения.,optics
Раскройте понятие фокусное расстояние?,optics
Для чего нужно строить изображения в линзах?,optics
Что такое интерференция света?,optics
Опишите преломление света?,optics
Поясните законы отражения.,optics
Раскройте понятие фокусное расстояние?,optics
Для чего нужно строить изображения в линзах?,optics
Что такое интерференция света?,optics
Опишите преломление света?,optics
Поясните законы отражения.,optics
Раскройте понятие фокусное расстояние?,optics
Для чего нужно строить изображения в линзах?,optics
Что такое интерференция света?,optics
Опишите преломление света?,optics
Поясните законы отражения.,optics
Раскройте понятие фокусное расстояние?,optics
Для чего нужно строить изображения в линзах?,optics
Что такое интерференция света?,optics
Опишите электромагнитная индукция?,electromagnetism
Поясните закон Фарадея.,electromagnetism
В чем заключается способ работает трансформатор?,electromagnetism
Дайте определение магнитное поле?,electromagnetism
Как рассчитывать силу Лоренца?,electromagnetism
Опишите электромагнитная индукция?,electromagnetism
Поясните закон Фарадея.,electromagnetism
В чем заключается способ работает трансформатор?,electromagnetism
Дайте определение магнитное поле?,electromagnetism
Как рассчитывать силу Лоренца?,electromagnetism
Опишите электромагнитная индукция?,electromagnetism
Поясните закон Фарадея.,electromagnetism
В чем заключается способ работает трансформатор?,electromagnetism
Дайте определение магнитное поле?,electromagnetism
Как рассчитывать силу Лоренца?,electromagnetism
Опишите электромагнитная индукция?,electromagnetism
Поясните закон Фарадея.,electromagnetism
В чем заключается способ работает трансформатор?,electromagnetism
Дайте определение магнитное поле?,electromagnetism
Как рассчитывать силу Лоренца?,electromagnetism
Опишите электромагнитная индукция?,electromagnetism
Поясните закон Фарадея.,electromagnetism
В чем заключается способ работает трансформатор?,electromagnetism
Дайте определение магнитное поле?,electromagnetism
Как рассчитывать силу Лоренца?,electromagnetism
Опишите закон Гука?,elasticity
Какие способы рассчитывать деформацию упругого тела?,elasticity
Раскройте понятие модуль Юнга?,elasticity
Для чего нужно связаны сила и удлинение пружины?,elasticity
Объясните понятие упругой деформации.,elasticity
Опишите закон Гука?,elasticity
Какие способы рассчитывать деформацию упругого тела?,elasticity
Раскройте понятие модуль Юнга?,elasticity
Для чего нужно связаны сила и удлинение пружины?,elasticity
Объясните понятие упругой деформации.,elasticity
Опишите закон Гука?,elasticity
Какие способы рассчитывать деформацию упругого тела?,elasticity
Раскройте понятие модуль Юнга?,elasticity
Для чего нужно связаны сила и удлинение пружины?,elasticity
Объясните понятие упругой деформации.,elasticity
Опишите закон Гука?,elasticity
Какие способы рассчитывать деформацию упругого тела?,elasticity
Раскройте понятие модуль Юнга?,elasticity
Для чего нужно связаны сила и удлинение пружины?,elasticity
Объясните понятие упругой деформации.,elasticity
Опишите закон Гука?,elasticity
Какие способы рассчитывать деформацию упругого тела?,elasticity
Раскройте понятие модуль Юнга?,elasticity
Для чего нужно связаны сила и удлинение пружины?,elasticity
Объясните понятие упругой деформации.,elasticity
Опишите сила?,mechanics
Поясните понятия массы и веса.,mechanics
В чем заключается способ рассчитывать ускорение?,mechanics
Дайте определение импульс силы?,mechanics
Какие существуют виды движения?,mechanics
Опишите сила?,mechanics
Поясните понятия массы и веса.,mechanics
В чем заключается способ рассчитывать ускорение?,mechanics
Дайте определение импульс силы?,mechanics
Какие существуют виды движения?,mechanics
Опишите сила?,mechanics
Поясните понятия массы и веса.,mechanics
В чем заключается способ рассчитывать ускорение?,mechanics
Дайте определение импульс силы?,mechanics
Какие существуют виды движения?,mechanics
Опишите сила?,mechanics
Поясните понятия массы и веса.,mechanics
В чем заключается способ рассчитывать ускорение?,mechanics
Дайте определение импульс силы?,mechanics
Какие существуют виды движения?,mechanics
Опишите сила?,mechanics
Поясните понятия массы и веса.,mechanics
В чем заключается способ рассчитывать ускорение?,mechanics
Дайте определение импульс силы?,mechanics
Какие существуют виды движения?,mechanics